Parameter,Estimate,Std_Error,95% CI Lower,95% CI Upper
beta_netflix,0.9411950671391325,0.1174743379362961,0.7109495956763048,1.1714405386019602
beta_prime,0.501615711841499,0.12098117507127137,0.26449696589447214,0.7387344577885259
beta_ads,-0.7319943024251245,0.08886011371418819,-0.9061569249670671,-0.5578316798831819
beta_price,-0.09948049776093755,0.006346885180318247,-0.11192016412837233,-0.08704083139350277
